{
  "systems": {
    "pasct_plus": {
      "n": 500,
      "BLEU-1": 0.2171442611873829,
      "BLEU-2": 0.12148644044319122,
      "BLEU-3": 0.07460737885420128,
      "BLEU-4": 0.049799952386584065,
      "ROUGE-L": 0.20447569091912476,
      "Distinct-1": 0.029054946404987868,
      "Distinct-2": 0.20689977853332917,
      "mean_chars": 65.118
    },
    "pasct_dro_anchor": {
      "n": 500,
      "BLEU-1": 0.19529852184205457,
      "BLEU-2": 0.10775115554856618,
      "BLEU-3": 0.06539542441245477,
      "BLEU-4": 0.04369575360705142,
      "ROUGE-L": 0.19847131388714778,
      "Distinct-1": 0.024883701725893916,
      "Distinct-2": 0.1725138854000949,
      "mean_chars": 72.658
    },
    "psystate_pasct": {
      "n": 500,
      "BLEU-1": 0.19549474847982312,
      "BLEU-2": 0.10840985740694363,
      "BLEU-3": 0.06590841147419867,
      "BLEU-4": 0.04387806289663458,
      "ROUGE-L": 0.19749060949796798,
      "Distinct-1": 0.024986180210060806,
      "Distinct-2": 0.17306614349775784,
      "mean_chars": 72.36
    },
    "psystate_sctbok": {
      "n": 500,
      "BLEU-1": 0.1952639751552795,
      "BLEU-2": 0.10778630744677745,
      "BLEU-3": 0.06529025109934075,
      "BLEU-4": 0.04350811399718364,
      "ROUGE-L": 0.1981561815364642,
      "Distinct-1": 0.02517746228926353,
      "Distinct-2": 0.17396805758632325,
      "mean_chars": 72.128
    },
    "oracle": {
      "n": 500,
      "BLEU-1": 0.23046903494055002,
      "BLEU-2": 0.12697261303406146,
      "BLEU-3": 0.07605921073932005,
      "BLEU-4": 0.050062659889860174,
      "ROUGE-L": 0.22039426074991933,
      "Distinct-1": 0.030016777299584213,
      "Distinct-2": 0.18563786313990638,
      "mean_chars": 54.836
    },
    "misc": {
      "n": 500,
      "BLEU-1": 0.2130666582542036,
      "BLEU-2": 0.1188974616397581,
      "BLEU-3": 0.07332153817186103,
      "BLEU-4": 0.049794429578413374,
      "ROUGE-L": 0.20663215391303397,
      "Distinct-1": 0.027761128111296888,
      "Distinct-2": 0.18465335427417545,
      "mean_chars": 63.398
    },
    "multiesc": {
      "n": 500,
      "BLEU-1": 0.21944779476480747,
      "BLEU-2": 0.1218882277217379,
      "BLEU-3": 0.07441053968748491,
      "BLEU-4": 0.049869407638870086,
      "ROUGE-L": 0.21438717460131756,
      "Distinct-1": 0.02757766404798383,
      "Distinct-2": 0.17688968419657355,
      "mean_chars": 61.354
    },
    "transesc": {
      "n": 500,
      "BLEU-1": 0.21384566529056842,
      "BLEU-2": 0.11832607564123726,
      "BLEU-3": 0.07229935857693481,
      "BLEU-4": 0.04885300980749908,
      "ROUGE-L": 0.20871238331825345,
      "Distinct-1": 0.027469037789774532,
      "Distinct-2": 0.18121974830590512,
      "mean_chars": 62.98
    },
    "kemi": {
      "n": 500,
      "BLEU-1": 0.23520578800081907,
      "BLEU-2": 0.13250489104042196,
      "BLEU-3": 0.0820374651699394,
      "BLEU-4": 0.055273202664295674,
      "ROUGE-L": 0.21567821811058752,
      "Distinct-1": 0.030987645894478194,
      "Distinct-2": 0.21446427331435317,
      "mean_chars": 58.604
    },
    "rag": {
      "n": 500,
      "BLEU-1": 0.24561085972850683,
      "BLEU-2": 0.1396891087547557,
      "BLEU-3": 0.08704810650204159,
      "BLEU-4": 0.05924618320698619,
      "ROUGE-L": 0.21996912598964707,
      "Distinct-1": 0.03297737556561086,
      "Distinct-2": 0.22348387096774194,
      "mean_chars": 55.25
    },
    "majority": {
      "n": 500,
      "BLEU-1": 0.20938418217433888,
      "BLEU-2": 0.11623758534242146,
      "BLEU-3": 0.07136507968627463,
      "BLEU-4": 0.04799279008217803,
      "ROUGE-L": 0.20788967011232695,
      "Distinct-1": 0.02659769833496572,
      "Distinct-2": 0.17185751585229392,
      "mean_chars": 65.344
    },
    "lexicon": {
      "n": 500,
      "BLEU-1": 0.19541001959137982,
      "BLEU-2": 0.10756580818362484,
      "BLEU-3": 0.06514892681806594,
      "BLEU-4": 0.043321186931709506,
      "ROUGE-L": 0.19711491854874819,
      "Distinct-1": 0.025748670584942627,
      "Distinct-2": 0.17879648027249503,
      "mean_chars": 71.46
    }
  },
  "n_eval": 500
}