{
  "focal": "pasct_pure_panel",
  "baselines": {
    "btgreedy": {
      "n": 500,
      "winrate": 0.5059442386436881,
      "winrate_ci_lo": 0.5043456263593319,
      "winrate_ci_hi": 0.5077464760486716,
      "winrate_p_value": 0.0001999600079984003,
      "utility_gap": 0.02421464215324987,
      "utility_gap_ci_lo": 0.01771665716777672,
      "utility_gap_ci_hi": 0.03162170028243503
    },
    "psystate_sctbok": {
      "n": 500,
      "winrate": 0.5214830281783409,
      "winrate_ci_lo": 0.517658192126933,
      "winrate_ci_hi": 0.52564262393984,
      "winrate_p_value": 0.0001999600079984003,
      "utility_gap": 0.0891365877850623,
      "utility_gap_ci_lo": 0.07289109707574158,
      "utility_gap_ci_hi": 0.10708867205592035
    },
    "psystate_pasct": {
      "n": 500,
      "winrate": 0.5013580959067487,
      "winrate_ci_lo": 0.5004080308864051,
      "winrate_ci_hi": 0.5027411696006686,
      "winrate_p_value": 0.0001999600079984003,
      "utility_gap": 0.005799424283331678,
      "utility_gap_ci_lo": 0.0016469052464887603,
      "utility_gap_ci_hi": 0.011999585746838041
    },
    "lexicon": {
      "n": 500,
      "winrate": 0.5371084635458505,
      "winrate_ci_lo": 0.5308560179648426,
      "winrate_ci_hi": 0.5436479261203206,
      "winrate_p_value": 0.0001999600079984003,
      "utility_gap": 0.15442548801229744,
      "utility_gap_ci_lo": 0.1280233512355822,
      "utility_gap_ci_hi": 0.18252342174744338
    },
    "majority": {
      "n": 500,
      "winrate": 0.552144076071065,
      "winrate_ci_lo": 0.546115116769671,
      "winrate_ci_hi": 0.5584384101897336,
      "winrate_p_value": 0.0001999600079984003,
      "utility_gap": 0.2166937228178487,
      "utility_gap_ci_lo": 0.1905813039575275,
      "utility_gap_ci_hi": 0.2436067080307454
    },
    "misc": {
      "n": 500,
      "winrate": 0.5550373142087554,
      "winrate_ci_lo": 0.548383409385359,
      "winrate_ci_hi": 0.5621012039991377,
      "winrate_p_value": 0.0001999600079984003,
      "utility_gap": 0.22905464784655818,
      "utility_gap_ci_lo": 0.2005585996513699,
      "utility_gap_ci_hi": 0.25959898079394256
    },
    "multiesc": {
      "n": 500,
      "winrate": 0.5630313900863019,
      "winrate_ci_lo": 0.556751402394498,
      "winrate_ci_hi": 0.5696930010368165,
      "winrate_p_value": 0.0001999600079984003,
      "utility_gap": 0.2621084688597138,
      "utility_gap_ci_lo": 0.23488052024642236,
      "utility_gap_ci_hi": 0.29086279462341563
    },
    "transesc": {
      "n": 500,
      "winrate": 0.5589641977064184,
      "winrate_ci_lo": 0.552283998493721,
      "winrate_ci_hi": 0.5660193839113853,
      "winrate_p_value": 0.0001999600079984003,
      "utility_gap": 0.24584216797395464,
      "utility_gap_ci_lo": 0.21706312516959334,
      "utility_gap_ci_hi": 0.27616155478660526
    },
    "oracle": {
      "n": 500,
      "winrate": 0.589270160928041,
      "winrate_ci_lo": 0.5818803942160854,
      "winrate_ci_hi": 0.5969016008682391,
      "winrate_p_value": 0.0001999600079984003,
      "utility_gap": 0.3801953115033283,
      "utility_gap_ci_lo": 0.3470153370951681,
      "utility_gap_ci_hi": 0.41445611239813174
    },
    "pasct_collapse_mean": {
      "n": 500,
      "winrate": 0.5011759774778398,
      "winrate_ci_lo": 0.5006736860253549,
      "winrate_ci_hi": 0.5017369923073862,
      "winrate_p_value": 0.0001999600079984003,
      "utility_gap": 0.004781697257256669,
      "utility_gap_ci_lo": 0.002729468578174177,
      "utility_gap_ci_hi": 0.007087490144709576
    },
    "pasct_multidim": {
      "n": 500,
      "winrate": 0.501319277189675,
      "winrate_ci_lo": 0.5003741815299246,
      "winrate_ci_hi": 0.5027160775518487,
      "winrate_p_value": 0.0001999600079984003,
      "utility_gap": 0.005644243663515094,
      "utility_gap_ci_lo": 0.0015106419085827573,
      "utility_gap_ci_hi": 0.011910402699075048
    }
  }
}