{
  "focal": "psystate_pasct",
  "tertiles": {
    "low": {
      "btgreedy": {
        "n": 140,
        "winrate": 0.5041359301140903,
        "winrate_ci_lo": 0.501033468563681,
        "winrate_ci_hi": 0.5077624499906669,
        "p_value": 0.005997001499250375,
        "utility_gap": 0.016770646585240207
      },
      "psystate_sctbok": {
        "n": 140,
        "winrate": 0.5245967093665552,
        "winrate_ci_lo": 0.515959346737807,
        "winrate_ci_hi": 0.5339469819441207,
        "p_value": 0.0004997501249375312,
        "utility_gap": 0.10194195686431787
      },
      "misc": {
        "n": 140,
        "winrate": 0.5710863816470135,
        "winrate_ci_lo": 0.5573474312253932,
        "winrate_ci_hi": 0.584898890950047,
        "p_value": 0.0004997501249375312,
        "utility_gap": 0.2978134501687017
      },
      "multiesc": {
        "n": 140,
        "winrate": 0.5741684740059826,
        "winrate_ci_lo": 0.560235408015233,
        "winrate_ci_hi": 0.5876345759666738,
        "p_value": 0.0004997501249375312,
        "utility_gap": 0.3107580531005148
      },
      "transesc": {
        "n": 140,
        "winrate": 0.5744225655750729,
        "winrate_ci_lo": 0.5607526012383661,
        "winrate_ci_hi": 0.5884638707810541,
        "p_value": 0.0004997501249375312,
        "utility_gap": 0.3119688616456224
      }
    },
    "mid": {
      "btgreedy": {
        "n": 142,
        "winrate": 0.5057877898804931,
        "winrate_ci_lo": 0.5030324357796705,
        "winrate_ci_hi": 0.5089704134983438,
        "p_value": 0.0004997501249375312,
        "utility_gap": 0.023351023907866246
      },
      "psystate_sctbok": {
        "n": 142,
        "winrate": 0.5176299884010603,
        "winrate_ci_lo": 0.512393575877114,
        "winrate_ci_hi": 0.5232510320341742,
        "p_value": 0.0004997501249375312,
        "utility_gap": 0.07133703631416798
      },
      "misc": {
        "n": 142,
        "winrate": 0.550599043956717,
        "winrate_ci_lo": 0.541775632733593,
        "winrate_ci_hi": 0.5611862282422557,
        "p_value": 0.0004997501249375312,
        "utility_gap": 0.20823715093114983
      },
      "multiesc": {
        "n": 142,
        "winrate": 0.5601619360522295,
        "winrate_ci_lo": 0.5510871055542639,
        "winrate_ci_hi": 0.570213885297122,
        "p_value": 0.0004997501249375312,
        "utility_gap": 0.24665609678849815
      },
      "transesc": {
        "n": 142,
        "winrate": 0.5557502029226669,
        "winrate_ci_lo": 0.5461610652813919,
        "winrate_ci_hi": 0.5658679103584285,
        "p_value": 0.0004997501249375312,
        "utility_gap": 0.22955383767890006
      }
    },
    "high": {
      "btgreedy": {
        "n": 153,
        "winrate": 0.5058312112587058,
        "winrate_ci_lo": 0.5001202726221187,
        "winrate_ci_hi": 0.5108840931803148,
        "p_value": 0.017991004497751123,
        "utility_gap": 0.023162568745806928
      },
      "psystate_sctbok": {
        "n": 153,
        "winrate": 0.5269450807030146,
        "winrate_ci_lo": 0.5200407525349289,
        "winrate_ci_hi": 0.5349387629108102,
        "p_value": 0.0004997501249375312,
        "utility_gap": 0.11285521982515657
      },
      "misc": {
        "n": 153,
        "winrate": 0.5631802299233454,
        "winrate_ci_lo": 0.5531010476225137,
        "winrate_ci_hi": 0.5745998223263503,
        "p_value": 0.0004997501249375312,
        "utility_gap": 0.2641681980470267
      },
      "multiesc": {
        "n": 153,
        "winrate": 0.5748360138165122,
        "winrate_ci_lo": 0.564920355360929,
        "winrate_ci_hi": 0.5852844226814645,
        "p_value": 0.0004997501249375312,
        "utility_gap": 0.3127405916278736
      },
      "transesc": {
        "n": 153,
        "winrate": 0.5671456477618901,
        "winrate_ci_lo": 0.5571142753009917,
        "winrate_ci_hi": 0.5781936693047238,
        "p_value": 0.0004997501249375312,
        "utility_gap": 0.28153526577719523
      }
    }
  }
}