{
  "focal": "pasct_dro_anchor",
  "folds": {
    "E1_supervisor": {
      "btgreedy": {
        "n": 500,
        "winrate": 0.505424119356719,
        "winrate_ci_lo": 0.5036245107314118,
        "winrate_ci_hi": 0.5075327826317773,
        "p_value": 0.0001999600079984003,
        "utility_gap": 0.022072654106042824
      }
    },
    "E2_client_experience": {
      "btgreedy": {
        "n": 500,
        "winrate": 0.5042946790987942,
        "winrate_ci_lo": 0.5028249744024066,
        "winrate_ci_hi": 0.5059943039413904,
        "p_value": 0.0001999600079984003,
        "utility_gap": 0.017395125408561852
      }
    },
    "E3_safety_reviewer": {
      "btgreedy": {
        "n": 500,
        "winrate": 0.5081139174755511,
        "winrate_ci_lo": 0.5057515842995027,
        "winrate_ci_hi": 0.5107027863461368,
        "p_value": 0.0001999600079984003,
        "utility_gap": 0.03317614694514493
      }
    }
  },
  "strict_loo": {
    "E1_supervisor": {
      "n": 500,
      "winrate_pasct_vs_btgreedy": 0.5004261461562148,
      "winrate_ci_lo": 0.49886505064770287,
      "winrate_ci_hi": 0.5020418835561151,
      "p_value": 0.30813837232553487,
      "utility_gap": 0.0017744106772705655
    },
    "E2_client_experience": {
      "n": 500,
      "winrate_pasct_vs_btgreedy": 0.4997422255885108,
      "winrate_ci_lo": 0.49841769214804227,
      "winrate_ci_hi": 0.5011279436096314,
      "p_value": 0.6344731053789242,
      "utility_gap": -0.0009764675280301959
    },
    "E3_safety_reviewer": {
      "n": 500,
      "winrate_pasct_vs_btgreedy": 0.5004935150808383,
      "winrate_ci_lo": 0.49869501603258726,
      "winrate_ci_hi": 0.5021639043735497,
      "p_value": 0.2975404919016197,
      "utility_gap": 0.0018477666516699305
    }
  },
  "aggregated": {
    "btgreedy": {
      "mean_winrate": 0.5059442386436881,
      "min_winrate": 0.5042946790987942,
      "max_winrate": 0.5081139174755511,
      "all_positive": true
    }
  }
}