{
  "focal": "psystate_pasct_bon_v12",
  "baselines": {
    "lexicon_bon_v12": {
      "n": 500,
      "mean": 0.5280180869785123,
      "ci_lo": 0.5225447902863911,
      "ci_hi": 0.5339143454125694,
      "p_one_sided": 0.0001999600079984003,
      "state_mean": 0.5196204436929431,
      "state_ci_lo": 0.5158305450744457,
      "state_ci_hi": 0.5238793498708548,
      "state_p_one_sided": 0.0001999600079984003,
      "per_dim_mean": {
        "overall": 0.5280180869785123,
        "empathy": 0.503406885841708,
        "specificity": 0.525422010873518,
        "actionability": 0.5235031275118408,
        "safety": 0.5025054590002404,
        "appropriateness": 0.5214767303987905,
        "helpfulness": 0.5257346540032211
      }
    },
    "majority_bon_v12": {
      "n": 500,
      "mean": 0.5236460767686101,
      "ci_lo": 0.51922738443052,
      "ci_hi": 0.5284680921936297,
      "p_one_sided": 0.0001999600079984003,
      "state_mean": 0.5172530780311146,
      "state_ci_lo": 0.5141313787021622,
      "state_ci_hi": 0.5209627336306312,
      "state_p_one_sided": 0.0001999600079984003,
      "per_dim_mean": {
        "overall": 0.5236460767686101,
        "empathy": 0.501576120973645,
        "specificity": 0.5217631547530281,
        "actionability": 0.5235522564521589,
        "safety": 0.5062963776467486,
        "appropriateness": 0.5205852490545956,
        "helpfulness": 0.5216588454058243
      }
    },
    "misc_bon_v12": {
      "n": 500,
      "mean": 0.5328012074744365,
      "ci_lo": 0.5267334158987046,
      "ci_hi": 0.5387486254463654,
      "p_one_sided": 0.0001999600079984003,
      "state_mean": 0.524906300607046,
      "state_ci_lo": 0.5202566831539747,
      "state_ci_hi": 0.5297092308534568,
      "state_p_one_sided": 0.0001999600079984003,
      "per_dim_mean": {
        "overall": 0.5328012074744365,
        "empathy": 0.5068798100185046,
        "specificity": 0.519893653999603,
        "actionability": 0.5317074057909565,
        "safety": 0.5174777219317312,
        "appropriateness": 0.5299822811885584,
        "helpfulness": 0.5303945897026693
      }
    },
    "multiesc_bon_v12": {
      "n": 500,
      "mean": 0.530968492865555,
      "ci_lo": 0.5254436900021283,
      "ci_hi": 0.5368308914029323,
      "p_one_sided": 0.0001999600079984003,
      "state_mean": 0.5242139871133031,
      "state_ci_lo": 0.5197425048012665,
      "state_ci_hi": 0.5290471880348936,
      "state_p_one_sided": 0.0001999600079984003,
      "per_dim_mean": {
        "overall": 0.530968492865555,
        "empathy": 0.503316241363156,
        "specificity": 0.5222144649290215,
        "actionability": 0.5309525592946687,
        "safety": 0.5179595367249191,
        "appropriateness": 0.5285388737467618,
        "helpfulness": 0.5292521281760669
      }
    },
    "transesc_bon_v12": {
      "n": 500,
      "mean": 0.5317498812688785,
      "ci_lo": 0.5256413724620019,
      "ci_hi": 0.53812840482421,
      "p_one_sided": 0.0001999600079984003,
      "state_mean": 0.5247024042509281,
      "state_ci_lo": 0.5199707239101131,
      "state_ci_hi": 0.5297275369720434,
      "state_p_one_sided": 0.0001999600079984003,
      "per_dim_mean": {
        "overall": 0.5317498812688785,
        "empathy": 0.5040066839214136,
        "specificity": 0.5216536966658691,
        "actionability": 0.5309294861086293,
        "safety": 0.5185014923865718,
        "appropriateness": 0.5292606603557631,
        "helpfulness": 0.5304683773935508
      }
    },
    "btgreedy_bon_v12": {
      "n": 500,
      "mean": 0.4923581304040658,
      "ci_lo": 0.48981982426533466,
      "ci_hi": 0.49450071275292784,
      "p_one_sided": 1.0,
      "state_mean": 0.4953643795572533,
      "state_ci_lo": 0.49368882005692105,
      "state_ci_hi": 0.4967484097323464,
      "state_p_one_sided": 1.0,
      "per_dim_mean": {
        "overall": 0.4923581304040658,
        "empathy": 0.4986809397084821,
        "specificity": 0.4965395610857395,
        "actionability": 0.49678438119363555,
        "safety": 0.4970977066150842,
        "appropriateness": 0.49360748392271186,
        "helpfulness": 0.49311588537892603
      }
    },
    "oracle_bon_v12": {
      "n": 500,
      "mean": 0.5821214604632197,
      "ci_lo": 0.5737828896470081,
      "ci_hi": 0.5910510879334199,
      "p_one_sided": 0.0001999600079984003,
      "state_mean": 0.5566390928152541,
      "state_ci_lo": 0.5502955348234774,
      "state_ci_hi": 0.5633374584340074,
      "state_p_one_sided": 0.0001999600079984003,
      "per_dim_mean": {
        "overall": 0.5821214604632197,
        "empathy": 0.5258715632705503,
        "specificity": 0.5454479352228004,
        "actionability": 0.554974318890144,
        "safety": 0.5212951952851745,
        "appropriateness": 0.570953952356699,
        "helpfulness": 0.5753058088885751
      }
    }
  }
}