{
  "focal": "psystate_sctbok_bon_v12",
  "baselines": {
    "lexicon_bon_v12": {
      "n": 500,
      "mean": 0.536120183779615,
      "ci_lo": 0.5308263474289017,
      "ci_hi": 0.5419130160394547,
      "p_one_sided": 0.0001999600079984003,
      "state_mean": 0.5251002714726206,
      "state_ci_lo": 0.5213455607880231,
      "state_ci_hi": 0.5293825908856541,
      "state_p_one_sided": 0.0001999600079984003,
      "per_dim_mean": {
        "overall": 0.536120183779615,
        "empathy": 0.505889316195415,
        "specificity": 0.5302860449470428,
        "actionability": 0.5286349163642104,
        "safety": 0.5057535740375434,
        "appropriateness": 0.5281771857478352,
        "helpfulness": 0.5329171213272882
      }
    },
    "majority_bon_v12": {
      "n": 500,
      "mean": 0.5306723612014599,
      "ci_lo": 0.5263175134605345,
      "ci_hi": 0.5354754734425657,
      "p_one_sided": 0.0001999600079984003,
      "state_mean": 0.5220690323719731,
      "state_ci_lo": 0.5188229964076133,
      "state_ci_hi": 0.5256908810004935,
      "state_p_one_sided": 0.0001999600079984003,
      "per_dim_mean": {
        "overall": 0.5306723612014599,
        "empathy": 0.5027262535570308,
        "specificity": 0.5264410331881666,
        "actionability": 0.5287365018657868,
        "safety": 0.5094354613154177,
        "appropriateness": 0.5266604853140787,
        "helpfulness": 0.5279169876172943
      }
    },
    "misc_bon_v12": {
      "n": 500,
      "mean": 0.5405456922208238,
      "ci_lo": 0.5343432436525375,
      "ci_hi": 0.5468235313131238,
      "p_one_sided": 0.0001999600079984003,
      "state_mean": 0.5301145515228093,
      "state_ci_lo": 0.5253840631542789,
      "state_ci_hi": 0.5351568898334208,
      "state_p_one_sided": 0.0001999600079984003,
      "per_dim_mean": {
        "overall": 0.5405456922208238,
        "empathy": 0.5093490018343875,
        "specificity": 0.5246788792046775,
        "actionability": 0.535889442085908,
        "safety": 0.5210322405739979,
        "appropriateness": 0.5360537756487735,
        "helpfulness": 0.5373422256250613
      }
    },
    "multiesc_bon_v12": {
      "n": 500,
      "mean": 0.5379949380604427,
      "ci_lo": 0.5324920361587581,
      "ci_hi": 0.5437268796806161,
      "p_one_sided": 0.0001999600079984003,
      "state_mean": 0.5289268980139556,
      "state_ci_lo": 0.5244355092603521,
      "state_ci_hi": 0.5336705084062158,
      "state_p_one_sided": 0.0001999600079984003,
      "per_dim_mean": {
        "overall": 0.5379949380604427,
        "empathy": 0.5050235991616521,
        "specificity": 0.5263121130787515,
        "actionability": 0.5356309922655337,
        "safety": 0.5212500266749075,
        "appropriateness": 0.534386027166354,
        "helpfulness": 0.5352921155543734
      }
    },
    "transesc_bon_v12": {
      "n": 500,
      "mean": 0.5395047823903368,
      "ci_lo": 0.5334798236033218,
      "ci_hi": 0.5458069173981281,
      "p_one_sided": 0.0001999600079984003,
      "state_mean": 0.5299423956157323,
      "state_ci_lo": 0.5251477423383119,
      "state_ci_hi": 0.5349766006804921,
      "state_p_one_sided": 0.0001999600079984003,
      "per_dim_mean": {
        "overall": 0.5395047823903368,
        "empathy": 0.5065697357787873,
        "specificity": 0.5254804444388961,
        "actionability": 0.5357502593894362,
        "safety": 0.521991743145283,
        "appropriateness": 0.535770945948378,
        "helpfulness": 0.5374150031099889
      }
    },
    "btgreedy_bon_v12": {
      "n": 500,
      "mean": 0.4996472718659686,
      "ci_lo": 0.49936337885747867,
      "ci_hi": 0.49986296831649885,
      "p_one_sided": 1.0,
      "state_mean": 0.5001797466443086,
      "state_ci_lo": 0.49993431985845493,
      "state_ci_hi": 0.5004264375087463,
      "state_p_one_sided": 0.08498300339932013,
      "per_dim_mean": {
        "overall": 0.4996472718659686,
        "empathy": 0.500533006048476,
        "specificity": 0.5000864103700625,
        "actionability": 0.5012782281957778,
        "safety": 0.5003406755874349,
        "appropriateness": 0.49999756731067885,
        "helpfulness": 0.4997010463945567
      }
    },
    "oracle_bon_v12": {
      "n": 500,
      "mean": 0.5888306037436715,
      "ci_lo": 0.5805180696641469,
      "ci_hi": 0.5981262333819678,
      "p_one_sided": 0.0001999600079984003,
      "state_mean": 0.5614688366018188,
      "state_ci_lo": 0.5552253912571378,
      "state_ci_hi": 0.5683374610632446,
      "state_p_one_sided": 0.0001999600079984003,
      "per_dim_mean": {
        "overall": 0.5888306037436715,
        "empathy": 0.5275679681549094,
        "specificity": 0.5493374926678039,
        "actionability": 0.5598761065854307,
        "safety": 0.5248072067565536,
        "appropriateness": 0.5771443510908802,
        "helpfulness": 0.581607608697077
      }
    }
  }
}