{
  "pairs": {
    "pasct_plus_vs_self_refine": {
      "n": 750,
      "per_dim": {
        "helpfulness": {
          "win_rate": 0.542,
          "wins": 381,
          "losses": 318,
          "ties": 51,
          "n": 750
        },
        "empathy": {
          "win_rate": 0.37133333333333335,
          "wins": 145,
          "losses": 338,
          "ties": 267,
          "n": 750
        },
        "specificity": {
          "win_rate": 0.6086666666666667,
          "wins": 301,
          "losses": 138,
          "ties": 311,
          "n": 750
        },
        "appropriateness": {
          "win_rate": 0.5113333333333333,
          "wins": 286,
          "losses": 269,
          "ties": 195,
          "n": 750
        },
        "safety": {
          "win_rate": 0.5193333333333333,
          "wins": 63,
          "losses": 34,
          "ties": 653,
          "n": 750
        },
        "avoids_over_advice": {
          "win_rate": 0.5293333333333333,
          "wins": 260,
          "losses": 216,
          "ties": 274,
          "n": 750
        },
        "emotional_validation": {
          "win_rate": 0.342,
          "wins": 172,
          "losses": 409,
          "ties": 169,
          "n": 750
        },
        "actionability": {
          "win_rate": 0.704,
          "wins": 465,
          "losses": 159,
          "ties": 126,
          "n": 750
        },
        "overall": {
          "win_rate": 0.5306666666666666,
          "wins": 388,
          "losses": 342,
          "ties": 20,
          "n": 750
        }
      },
      "per_role": {
        "E3_safety_reviewer": {
          "helpfulness": {
            "win_rate": 0.5566666666666666,
            "wins": 75,
            "losses": 58,
            "ties": 17,
            "n": 150
          },
          "empathy": {
            "win_rate": 0.35333333333333333,
            "wins": 15,
            "losses": 59,
            "ties": 76,
            "n": 150
          },
          "specificity": {
            "win_rate": 0.6233333333333333,
            "wins": 66,
            "losses": 29,
            "ties": 55,
            "n": 150
          },
          "appropriateness": {
            "win_rate": 0.5566666666666666,
            "wins": 66,
            "losses": 49,
            "ties": 35,
            "n": 150
          },
          "safety": {
            "win_rate": 0.54,
            "wins": 22,
            "losses": 10,
            "ties": 118,
            "n": 150
          },
          "avoids_over_advice": {
            "win_rate": 0.5633333333333334,
            "wins": 48,
            "losses": 29,
            "ties": 73,
            "n": 150
          },
          "emotional_validation": {
            "win_rate": 0.31,
            "wins": 24,
            "losses": 81,
            "ties": 45,
            "n": 150
          },
          "actionability": {
            "win_rate": 0.7366666666666667,
            "wins": 99,
            "losses": 28,
            "ties": 23,
            "n": 150
          },
          "overall": {
            "win_rate": 0.5466666666666666,
            "wins": 77,
            "losses": 63,
            "ties": 10,
            "n": 150
          }
        },
        "E4_cbt_counsellor": {
          "helpfulness": {
            "win_rate": 0.6566666666666666,
            "wins": 95,
            "losses": 48,
            "ties": 7,
            "n": 150
          },
          "empathy": {
            "win_rate": 0.3933333333333333,
            "wins": 17,
            "losses": 49,
            "ties": 84,
            "n": 150
          },
          "specificity": {
            "win_rate": 0.6666666666666666,
            "wins": 83,
            "losses": 33,
            "ties": 34,
            "n": 150
          },
          "appropriateness": {
            "win_rate": 0.5733333333333334,
            "wins": 61,
            "losses": 39,
            "ties": 50,
            "n": 150
          },
          "safety": {
            "win_rate": 0.5033333333333333,
            "wins": 7,
            "losses": 6,
            "ties": 137,
            "n": 150
          },
          "avoids_over_advice": {
            "win_rate": 0.6133333333333333,
            "wins": 65,
            "losses": 31,
            "ties": 54,
            "n": 150
          },
          "emotional_validation": {
            "win_rate": 0.3333333333333333,
            "wins": 24,
            "losses": 74,
            "ties": 52,
            "n": 150
          },
          "actionability": {
            "win_rate": 0.7266666666666667,
            "wins": 97,
            "losses": 29,
            "ties": 24,
            "n": 150
          },
          "overall": {
            "win_rate": 0.6566666666666666,
            "wins": 96,
            "losses": 49,
            "ties": 5,
            "n": 150
          }
        },
        "E5_ux_reviewer": {
          "helpfulness": {
            "win_rate": 0.5233333333333333,
            "wins": 74,
            "losses": 67,
            "ties": 9,
            "n": 150
          },
          "empathy": {
            "win_rate": 0.41333333333333333,
            "wins": 48,
            "losses": 74,
            "ties": 28,
            "n": 150
          },
          "specificity": {
            "win_rate": 0.5733333333333334,
            "wins": 52,
            "losses": 30,
            "ties": 68,
            "n": 150
          },
          "appropriateness": {
            "win_rate": 0.49666666666666665,
            "wins": 56,
            "losses": 57,
            "ties": 37,
            "n": 150
          },
          "safety": {
            "win_rate": 0.5133333333333333,
            "wins": 10,
            "losses": 6,
            "ties": 134,
            "n": 150
          },
          "avoids_over_advice": {
            "win_rate": 0.51,
            "wins": 55,
            "losses": 52,
            "ties": 43,
            "n": 150
          },
          "emotional_validation": {
            "win_rate": 0.39666666666666667,
            "wins": 49,
            "losses": 80,
            "ties": 21,
            "n": 150
          },
          "actionability": {
            "win_rate": 0.69,
            "wins": 90,
            "losses": 33,
            "ties": 27,
            "n": 150
          },
          "overall": {
            "win_rate": 0.5033333333333333,
            "wins": 75,
            "losses": 74,
            "ties": 1,
            "n": 150
          }
        },
        "E2_client_experience": {
          "helpfulness": {
            "win_rate": 0.5,
            "wins": 72,
            "losses": 72,
            "ties": 6,
            "n": 150
          },
          "empathy": {
            "win_rate": 0.37,
            "wins": 42,
            "losses": 81,
            "ties": 27,
            "n": 150
          },
          "specificity": {
            "win_rate": 0.57,
            "wins": 42,
            "losses": 21,
            "ties": 87,
            "n": 150
          },
          "appropriateness": {
            "win_rate": 0.47,
            "wins": 45,
            "losses": 54,
            "ties": 51,
            "n": 150
          },
          "safety": {
            "win_rate": 0.52,
            "wins": 11,
            "losses": 5,
            "ties": 134,
            "n": 150
          },
          "avoids_over_advice": {
            "win_rate": 0.4666666666666667,
            "wins": 47,
            "losses": 57,
            "ties": 46,
            "n": 150
          },
          "emotional_validation": {
            "win_rate": 0.35333333333333333,
            "wins": 46,
            "losses": 90,
            "ties": 14,
            "n": 150
          },
          "actionability": {
            "win_rate": 0.7,
            "wins": 91,
            "losses": 31,
            "ties": 28,
            "n": 150
          },
          "overall": {
            "win_rate": 0.4866666666666667,
            "wins": 73,