{
  "input": "outputs/qwen_full_pasct_plus.jsonl",
  "pairs": {
    "pasct_plus_vs_misc": {
      "n": 1500,
      "dims": {
        "overall": {
          "win_rate": 0.5783333333333334,
          "wins": 650,
          "losses": 415,
          "ties": 435,
          "n": 1500,
          "cluster_ci_lo": 0.547,
          "cluster_ci_hi": 0.6093333333333333,
          "signflip_p": 0.0001999600079984003,
          "cohen_h_vs_0_5": 0.15731473310770205
        },
        "helpfulness": {
          "win_rate": 0.5913333333333334,
          "wins": 640,
          "losses": 366,
          "ties": 494,
          "n": 1500,
          "cluster_ci_lo": 0.561,
          "cluster_ci_hi": 0.6206749999999999,
          "signflip_p": 0.0001999600079984003,
          "cohen_h_vs_0_5": 0.18369807291560303
        },
        "empathy": {
          "win_rate": 0.49366666666666664,
          "wins": 196,
          "losses": 215,
          "ties": 1089,
          "n": 1500,
          "cluster_ci_lo": 0.4736666666666667,
          "cluster_ci_hi": 0.513,
          "signflip_p": 0.7406518696260748,
          "cohen_h_vs_0_5": -0.012667005407174026
        },
        "specificity": {
          "win_rate": 0.5993333333333334,
          "wins": 535,
          "losses": 237,
          "ties": 728,
          "n": 1500,
          "cluster_ci_lo": 0.5726666666666668,
          "cluster_ci_hi": 0.6253333333333333,
          "signflip_p": 0.0001999600079984003,
          "cohen_h_vs_0_5": 0.19999728168705988
        },
        "appropriateness": {
          "win_rate": 0.5736666666666667,
          "wins": 607,
          "losses": 386,
          "ties": 507,
          "n": 1500,
          "cluster_ci_lo": 0.544,
          "cluster_ci_hi": 0.6033333333333333,
          "signflip_p": 0.0001999600079984003,
          "cohen_h_vs_0_5": 0.14787163853735708
        },
        "safety": {
          "win_rate": 0.4696666666666667,
          "wins": 125,
          "losses": 216,
          "ties": 1159,
          "n": 1500,
          "cluster_ci_lo": 0.45066666666666666,
          "cluster_ci_hi": 0.48866666666666664,
          "signflip_p": 0.9988002399520096,
          "cohen_h_vs_0_5": -0.0607039418175479
        },
        "actionability": {
          "win_rate": 0.607,
          "wins": 634,
          "losses": 313,
          "ties": 553,
          "n": 1500,
          "cluster_ci_lo": 0.576,
          "cluster_ci_hi": 0.6373333333333333,
          "signflip_p": 0.0001999600079984003,
          "cohen_h_vs_0_5": 0.21566799909584677
        },
        "avoids_over_advice": {
          "win_rate": 0.5216666666666666,
          "wins": 451,
          "losses": 386,
          "ties": 663,
          "n": 1500,
          "cluster_ci_lo": 0.4976583333333333,
          "cluster_ci_hi": 0.546,
          "signflip_p": 0.038792241551689664,
          "cohen_h_vs_0_5": 0.04334690653421358
        },
        "emotional_validation": {
          "win_rate": 0.5186666666666667,
          "wins": 330,
          "losses": 274,
          "ties": 896,
          "n": 1500,
          "cluster_ci_lo": 0.495,
          "cluster_ci_hi": 0.542,
          "signflip_p": 0.07398520295940812,
          "cohen_h_vs_0_5": 0.03734201117223801
        }
      },
      "by_rater": {
        "E1_supervisor_proxy": {
          "overall_win_rate": 0.572,
          "n": 500
        },
        "E2_client_experience_proxy": {
          "overall_win_rate": 0.574,
          "n": 500
        },
        "E3_safety_reviewer_proxy": {
          "overall_win_rate": 0.589,
          "n": 500
        }
      }
    },
    "pasct_plus_vs_multiesc": {
      "n": 1500,
      "dims": {
        "overall": {
          "win_rate": 0.5833333333333334,
          "wins": 694,
          "losses": 444,
          "ties": 362,
          "n": 1500,
          "cluster_ci_lo": 0.5513333333333332,
          "cluster_ci_hi": 0.6156749999999998,
          "signflip_p": 0.0001999600079984003,
          "cohen_h_vs_0_5": 0.1674480792196893
        },
        "helpfulness": {
          "win_rate": 0.5993333333333334,
          "wins": 683,
          "losses": 385,
          "ties": 432,
          "n": 1500,
          "cluster_ci_lo": 0.568,
          "cluster_ci_hi": 0.631,
          "signflip_p": 0.0001999600079984003,
          "cohen_h_vs_0_5": 0.19999728168705988
        },
        "empathy": {
          "win_rate": 0.452,
          "wins": 156,
          "losses": 300,
          "ties": 1044,
          "n": 1500,
          "cluster_ci_lo": 0.43166666666666664,
          "cluster_ci_hi": 0.4726666666666667,
          "signflip_p": 1.0,
          "cohen_h_vs_0_5": -0.09614807090538391
        },
        "specificity": {
          "win_rate": 0.6363333333333333,
          "wins": 626,
          "losses": 217,
          "ties": 657,
          "n": 1500,
          "cluster_ci_lo": 0.6093333333333333,
          "cluster_ci_hi": 0.6626666666666666,
          "signflip_p": 0.0001999600079984003,
          "cohen_h_vs_0_5": 0.27616363724715165
        },
        "appropriateness": {
          "win_rate": 0.574,
          "wins": 626,
          "losses": 404,
          "ties": 470,
          "n": 1500,
          "cluster_ci_lo": 0.5433333333333332,
          "cluster_ci_hi": 0.605,
          "signflip_p": 0.0001999600079984003,
          "cohen_h_vs_0_5": 0.14854569477050816
        },
        "safety": {
          "win_rate": 0.472,
          "wins": 126,
          "losses": 210,
          "ties": 1164,
          "n": 1500,
          "cluster_ci_lo": 0.4533333333333333,
          "cluster_ci_hi": 0.491,
          "signflip_p": 0.9974005198960207,
          "cohen_h_vs_0_5": -0.056029310715484115
        },
        "actionability": {
          "win_rate": 0.6683333333333333,
          "wins": 767,
          "losses": 262,
          "ties": 471,
          "n": 1500,
          "cluster_ci_lo": 0.6373333333333334,
          "cluster_ci_hi": 0.6976666666666667,
          "signflip_p": 0.0001999600079984003,
          "cohen_h_vs_0_5": 0.3433746632217105
        },
        "avoids_over_advice": {
          "win_rate": 0.504,
          "wins": 437,
          "losses": 425,
          "ties": 638,
          "n": 1500,
          "cluster_ci_lo": 0.478,
          "cluster_ci_hi": 0.5303333333333332,
          "signflip_p": 0.3747250549890022,
          "cohen_h_vs_0_5": 0.008000085335790663
        },
        "emotional_validation": {
          "win_rate": 0.4533333333333333,
          "wins": 274,
          "losses": 414,
          "ties": 812,
          "n": 1500,
          "cluster_ci_lo": 0.42699166666666666,
          "cluster_ci_hi": 0.47966666666666663,
          "signflip_p": 0.9996000799840032,
          "cohen_h_vs_0_5": -0.09346937346109296
        }
      },
      "by_rater": {
        "E1_supervisor_proxy": {
          "overall_win_rate": 0.568,
          "n": 500
        },
        "E2_client_experience_proxy": {
          "overall_win_rate": 0.596,
          "n": 500
        },
        "E3_safety_reviewer_proxy": {
          "overall_win_rate": 0.586,
          "n": 500
        }
      }
    },
    "pasct_plus_vs_transesc": {
      "n": 1500,
      "dims": {
        "overall": {
          "win_rate": 0.5833333333333334,
          "wins": 662,
          "losses": 412,
          "ties": 426,
          "n": 1500,
          "cluster_ci_lo": 0.552,
          "cluster_ci_hi": 0.614,
          "signflip_p": 0.0001999600079984003,
          "cohen_h_vs_0_5": 0.1674480792196893
        },
        "helpfulness": {
          "win_rate": 0.596,
          "wins": 651,
          "losses": 363,
          "ties": 486,
          "n": 1500,
          "cluster_ci_lo": 0.5659916666666667,
          "cluster_ci_hi": 0.625,
          "signflip_p": 0.0001999600079984003,
          "cohen_h_vs_0_5": 0.19319965741709932
        },
        "empathy": {
          "win_rate": 0.48233333333333334,
          "wins": 178,
          "losses": 231,
          "ties": 1091,