{
  "input": "outputs/new_expert_eval_strong_v2.jsonl",
  "pairs": {
    "pasct_dro_anchor_vs_misc": {
      "n": 400,
      "dims": {
        "overall": {
          "win_rate": 0.52,
          "wins": 82,
          "losses": 66,
          "ties": 252,
          "n": 400,
          "cluster_ci_lo": 0.485,
          "cluster_ci_hi": 0.5525,
          "signflip_p": 0.15136972605478904,
          "cohen_h_vs_0_5": 0.04001067435398897
        },
        "helpfulness": {
          "win_rate": 0.52625,
          "wins": 84,
          "losses": 63,
          "ties": 253,
          "n": 400,
          "cluster_ci_lo": 0.49125,
          "cluster_ci_hi": 0.55875,
          "signflip_p": 0.07878424315136973,
          "cohen_h_vs_0_5": 0.05252414714951703
        },
        "empathy": {
          "win_rate": 0.53625,
          "wins": 65,
          "losses": 36,
          "ties": 299,
          "n": 400,
          "cluster_ci_lo": 0.5075,
          "cluster_ci_hi": 0.56625,
          "signflip_p": 0.008398320335932814,
          "cohen_h_vs_0_5": 0.07256366372068501
        },
        "specificity": {
          "win_rate": 0.4725,
          "wins": 47,
          "losses": 69,
          "ties": 284,
          "n": 400,
          "cluster_ci_lo": 0.44,
          "cluster_ci_hi": 0.50375,
          "signflip_p": 0.9564087182563488,
          "cohen_h_vs_0_5": -0.05502776698110101
        },
        "appropriateness": {
          "win_rate": 0.52,
          "wins": 79,
          "losses": 63,
          "ties": 258,
          "n": 400,
          "cluster_ci_lo": 0.48625,
          "cluster_ci_hi": 0.5525,
          "signflip_p": 0.13357328534293142,
          "cohen_h_vs_0_5": 0.04001067435398897
        },
        "safety": {
          "win_rate": 0.52875,
          "wins": 23,
          "losses": 0,
          "ties": 377,
          "n": 400,
          "cluster_ci_lo": 0.51625,
          "cluster_ci_hi": 0.5425,
          "signflip_p": 0.0001999600079984003,
          "cohen_h_vs_0_5": 0.057531732130000846
        },
        "actionability": {
          "win_rate": 0.545,
          "wins": 86,
          "losses": 50,
          "ties": 264,
          "n": 400,
          "cluster_ci_lo": 0.50875,
          "cluster_ci_hi": 0.58125,
          "signflip_p": 0.009398120375924815,
          "cohen_h_vs_0_5": 0.09012194501459514
        },
        "avoids_over_advice": {
          "win_rate": 0.48,
          "wins": 57,
          "losses": 73,
          "ties": 270,
          "n": 400,
          "cluster_ci_lo": 0.45,
          "cluster_ci_hi": 0.51125,
          "signflip_p": 0.9052189562087583,
          "cohen_h_vs_0_5": -0.04001067435398897
        },
        "emotional_validation": {
          "win_rate": 0.5525,
          "wins": 82,
          "losses": 40,
          "ties": 278,
          "n": 400,
          "cluster_ci_lo": 0.52125,
          "cluster_ci_hi": 0.58375,
          "signflip_p": 0.0005998800239952009,
          "cohen_h_vs_0_5": 0.1051939010403884
        }
      },
      "by_rater": {
        "E4_cbt_counsellor": {
          "overall_win_rate": 0.525,
          "n": 200
        },
        "E5_ux_reviewer": {
          "overall_win_rate": 0.515,
          "n": 200
        }
      }
    },
    "pasct_dro_anchor_vs_multiesc": {
      "n": 400,
      "dims": {
        "overall": {
          "win_rate": 0.535,
          "wins": 99,
          "losses": 71,
          "ties": 230,
          "n": 400,
          "cluster_ci_lo": 0.5,
          "cluster_ci_hi": 0.57,
          "signflip_p": 0.03479304139172166,
          "cohen_h_vs_0_5": 0.07005729308805031
        },
        "helpfulness": {
          "win_rate": 0.54375,
          "wins": 101,
          "losses": 66,
          "ties": 233,
          "n": 400,
          "cluster_ci_lo": 0.50871875,
          "cluster_ci_hi": 0.58125,
          "signflip_p": 0.010597880423915218,
          "cohen_h_vs_0_5": 0.0876120400898277
        },
        "empathy": {
          "win_rate": 0.46625,
          "wins": 41,
          "losses": 68,
          "ties": 291,
          "n": 400,
          "cluster_ci_lo": 0.435,
          "cluster_ci_hi": 0.49625,
          "signflip_p": 0.9894021195760848,
          "cohen_h_vs_0_5": -0.06755136319294253
        },
        "specificity": {
          "win_rate": 0.53875,
          "wins": 85,
          "losses": 54,
          "ties": 261,
          "n": 400,
          "cluster_ci_lo": 0.5025,
          "cluster_ci_hi": 0.57375,
          "signflip_p": 0.01879624075184963,
          "cohen_h_vs_0_5": 0.07757779116806796
        },
        "appropriateness": {
          "win_rate": 0.53125,
          "wins": 92,
          "losses": 67,
          "ties": 241,
          "n": 400,
          "cluster_ci_lo": 0.49875,
          "cluster_ci_hi": 0.56625,
          "signflip_p": 0.04099180163967207,
          "cohen_h_vs_0_5": 0.06254076179649126
        },
        "safety": {
          "win_rate": 0.515,
          "wins": 13,
          "losses": 1,
          "ties": 386,
          "n": 400,
          "cluster_ci_lo": 0.505,
          "cluster_ci_hi": 0.52625,
          "signflip_p": 0.005198960207958408,
          "cohen_h_vs_0_5": 0.030004501823476915
        },
        "actionability": {
          "win_rate": 0.62375,
          "wins": 131,
          "losses": 32,
          "ties": 237,
          "n": 400,
          "cluster_ci_lo": 0.5875,
          "cluster_ci_hi": 0.6625,
          "signflip_p": 0.0001999600079984003,
          "cohen_h_vs_0_5": 0.25009912346968766
        },
        "avoids_over_advice": {
          "win_rate": 0.45125,
          "wins": 53,
          "losses": 92,
          "ties": 255,
          "n": 400,
          "cluster_ci_lo": 0.41875,
          "cluster_ci_hi": 0.48378124999999955,
          "signflip_p": 0.9986002799440112,
          "cohen_h_vs_0_5": -0.0976551411478801
        },
        "emotional_validation": {
          "win_rate": 0.4725,
          "wins": 60,
          "losses": 82,
          "ties": 258,
          "n": 400,
          "cluster_ci_lo": 0.4375,
          "cluster_ci_hi": 0.50625,
          "signflip_p": 0.9526094781043791,
          "cohen_h_vs_0_5": -0.05502776698110101
        }
      },
      "by_rater": {
        "E4_cbt_counsellor": {
          "overall_win_rate": 0.5875,
          "n": 200
        },
        "E5_ux_reviewer": {
          "overall_win_rate": 0.4825,
          "n": 200
        }
      }
    },
    "pasct_dro_anchor_vs_transesc": {
      "n": 400,
      "dims": {
        "overall": {
          "win_rate": 0.505,
          "wins": 75,
          "losses": 71,
          "ties": 254,
          "n": 400,
          "cluster_ci_lo": 0.47,
          "cluster_ci_hi": 0.5375,
          "signflip_p": 0.4387122575484903,
          "cohen_h_vs_0_5": 0.010000166674166922
        },
        "helpfulness": {
          "win_rate": 0.5075,
          "wins": 75,
          "losses": 69,
          "ties": 256,
          "n": 400,
          "cluster_ci_lo": 0.4725,
          "cluster_ci_hi": 0.54,
          "signflip_p": 0.35912817436512695,
          "cohen_h_vs_0_5": 0.015000562556960473
        },
        "empathy": {
          "win_rate": 0.50125,
          "wins": 47,
          "losses": 46,
          "ties": 307,
          "n": 400,
          "cluster_ci_lo": 0.4725,
          "cluster_ci_hi": 0.53,
          "signflip_p": 0.50749850029994,
          "cohen_h_vs_0_5": 0.0025000026041737122
        },
        "specificity": {
          "win_rate": 0.49375,
          "wins": 56,
          "losses": 61,
          "ties": 283,
          "n": 400,
          "cluster_ci_lo": 0.46125,
          "cluster_ci_hi": 0.52625,
          "signflip_p": 0.6656668666266746,
          "cohen_h_vs_0_5": -0.012500325543723712
        },
        "appropriateness": {
          "win_rate": 0.5075,
          "wins": 73,
          "losses": 67,
          "ties": 260,
          "n": 400,
          "cluster_ci_lo": 0.475,