{
  "pairs": {
    "pasct_dro_anchor_vs_rag": {
      "n": 1500,
      "per_dim": {
        "helpfulness": {
          "win_rate": 0.632,
          "wins": 572,
          "losses": 176,
          "ties": 752,
          "n": 1500
        },
        "empathy": {
          "win_rate": 0.5496666666666666,
          "wins": 245,
          "losses": 96,
          "ties": 1159,
          "n": 1500
        },
        "specificity": {
          "win_rate": 0.512,
          "wins": 303,
          "losses": 267,
          "ties": 930,
          "n": 1500
        },
        "appropriateness": {
          "win_rate": 0.6523333333333333,
          "wins": 599,
          "losses": 142,
          "ties": 759,
          "n": 1500
        },
        "safety": {
          "win_rate": 0.6226666666666667,
          "wins": 379,
          "losses": 11,
          "ties": 1110,
          "n": 1500
        },
        "avoids_over_advice": {
          "win_rate": 0.5453333333333333,
          "wins": 396,
          "losses": 260,
          "ties": 844,
          "n": 1500
        },
        "emotional_validation": {
          "win_rate": 0.5466666666666666,
          "wins": 291,
          "losses": 151,
          "ties": 1058,
          "n": 1500
        },
        "actionability": {
          "win_rate": 0.5786666666666667,
          "wins": 477,
          "losses": 241,
          "ties": 782,
          "n": 1500
        },
        "overall": {
          "win_rate": 0.6543333333333333,
          "wins": 623,
          "losses": 160,
          "ties": 717,
          "n": 1500
        }
      }
    },
    "pasct_dro_anchor_vs_kemi_full": {
      "n": 1500,
      "per_dim": {
        "helpfulness": {
          "win_rate": 0.6326666666666667,
          "wins": 589,
          "losses": 191,
          "ties": 720,
          "n": 1500
        },
        "empathy": {
          "win_rate": 0.5166666666666667,
          "wins": 176,
          "losses": 126,
          "ties": 1198,
          "n": 1500
        },
        "specificity": {
          "win_rate": 0.5546666666666666,
          "wins": 391,
          "losses": 227,
          "ties": 882,
          "n": 1500
        },
        "appropriateness": {
          "win_rate": 0.653,
          "wins": 610,
          "losses": 151,
          "ties": 739,
          "n": 1500
        },
        "safety": {
          "win_rate": 0.628,
          "wins": 392,
          "losses": 8,
          "ties": 1100,
          "n": 1500
        },
        "avoids_over_advice": {
          "win_rate": 0.5293333333333333,
          "wins": 370,
          "losses": 282,
          "ties": 848,
          "n": 1500
        },
        "emotional_validation": {
          "win_rate": 0.49433333333333335,
          "wins": 213,
          "losses": 230,
          "ties": 1057,
          "n": 1500
        },
        "actionability": {
          "win_rate": 0.612,
          "wins": 547,
          "losses": 211,
          "ties": 742,
          "n": 1500
        },
        "overall": {
          "win_rate": 0.6596666666666666,
          "wins": 644,
          "losses": 165,
          "ties": 691,
          "n": 1500
        }
      }
    }
  },
  "meta": {
    "model": "qwen-max",
    "n_contexts_requested": 500,
    "n_raw_rows": 3000,
    "roles": [
      "E1_supervisor_proxy",
      "E2_client_experience_proxy",
      "E3_safety_reviewer_proxy"
    ],
    "note": "Surrogate Qwen-max evaluation; not a replacement for human experts."
  }
}