{
  "input": "outputs/qwen_full_strong_baselines_v2.jsonl",
  "pairs": {
    "pasct_dro_anchor_vs_misc": {
      "n": 1500,
      "dims": {
        "overall": {
          "win_rate": 0.63,
          "wins": 497,
          "losses": 107,
          "ties": 896,
          "n": 1500,
          "cluster_ci_lo": 0.608,
          "cluster_ci_hi": 0.652,
          "signflip_p": 0.0001999600079984003,
          "cohen_h_vs_0_5": 0.2630222029084688
        },
        "helpfulness": {
          "win_rate": 0.6236666666666667,
          "wins": 468,
          "losses": 97,
          "ties": 935,
          "n": 1500,
          "cluster_ci_lo": 0.602,
          "cluster_ci_hi": 0.6453333333333332,
          "signflip_p": 0.0001999600079984003,
          "cohen_h_vs_0_5": 0.24992710872270396
        },
        "empathy": {
          "win_rate": 0.546,
          "wins": 185,
          "losses": 47,
          "ties": 1268,
          "n": 1500,
          "cluster_ci_lo": 0.531,
          "cluster_ci_hi": 0.561,
          "signflip_p": 0.0001999600079984003,
          "cohen_h_vs_0_5": 0.09213027814929742
        },
        "specificity": {
          "win_rate": 0.5553333333333333,
          "wins": 291,
          "losses": 125,
          "ties": 1084,
          "n": 1500,
          "cluster_ci_lo": 0.5356666666666666,
          "cluster_ci_hi": 0.575,
          "signflip_p": 0.0001999600079984003,
          "cohen_h_vs_0_5": 0.11089381191033931
        },
        "appropriateness": {
          "win_rate": 0.6256666666666667,
          "wins": 470,
          "losses": 93,
          "ties": 937,
          "n": 1500,
          "cluster_ci_lo": 0.604325,
          "cluster_ci_hi": 0.6473333333333332,
          "signflip_p": 0.0001999600079984003,
          "cohen_h_vs_0_5": 0.25405756122084666
        },
        "safety": {
          "win_rate": 0.5623333333333334,
          "wins": 195,
          "losses": 8,
          "ties": 1297,
          "n": 1500,
          "cluster_ci_lo": 0.5496666666666666,
          "cluster_ci_hi": 0.5756666666666667,
          "signflip_p": 0.0001999600079984003,
          "cohen_h_vs_0_5": 0.12499186985143473
        },
        "actionability": {
          "win_rate": 0.5913333333333334,
          "wins": 409,
          "losses": 135,
          "ties": 956,
          "n": 1500,
          "cluster_ci_lo": 0.568,
          "cluster_ci_hi": 0.614,
          "signflip_p": 0.0001999600079984003,
          "cohen_h_vs_0_5": 0.18369807291560303
        },
        "avoids_over_advice": {
          "win_rate": 0.552,
          "wins": 315,
          "losses": 159,
          "ties": 1026,
          "n": 1500,
          "cluster_ci_lo": 0.5336666666666667,
          "cluster_ci_hi": 0.571,
          "signflip_p": 0.0001999600079984003,
          "cohen_h_vs_0_5": 0.1041883957412959
        },
        "emotional_validation": {
          "win_rate": 0.5526666666666666,
          "wins": 238,
          "losses": 80,
          "ties": 1182,
          "n": 1500,
          "cluster_ci_lo": 0.5353333333333332,
          "cluster_ci_hi": 0.57,
          "signflip_p": 0.0001999600079984003,
          "cohen_h_vs_0_5": 0.10552909314613879
        }
      },
      "by_rater": {
        "E1_supervisor_proxy": {
          "overall_win_rate": 0.613,
          "n": 500
        },
        "E2_client_experience_proxy": {
          "overall_win_rate": 0.631,
          "n": 500
        },
        "E3_safety_reviewer_proxy": {
          "overall_win_rate": 0.646,
          "n": 500
        }
      }
    },
    "pasct_dro_anchor_vs_multiesc": {
      "n": 1500,
      "dims": {
        "overall": {
          "win_rate": 0.6406666666666667,
          "wins": 547,
          "losses": 125,
          "ties": 828,
          "n": 1500,
          "cluster_ci_lo": 0.6176666666666667,
          "cluster_ci_hi": 0.6643333333333333,
          "signflip_p": 0.0001999600079984003,
          "cohen_h_vs_0_5": 0.2851832799724714
        },
        "helpfulness": {
          "win_rate": 0.6343333333333333,
          "wins": 514,
          "losses": 111,
          "ties": 875,
          "n": 1500,
          "cluster_ci_lo": 0.612,
          "cluster_ci_hi": 0.6566666666666667,
          "signflip_p": 0.0001999600079984003,
          "cohen_h_vs_0_5": 0.27200853679350745
        },
        "empathy": {
          "win_rate": 0.5003333333333333,
          "wins": 115,
          "losses": 114,
          "ties": 1271,
          "n": 1500,
          "cluster_ci_lo": 0.48566666666666664,
          "cluster_ci_hi": 0.515,
          "signflip_p": 0.5142971405718856,
          "cohen_h_vs_0_5": 0.0006666667160490913
        },
        "specificity": {
          "win_rate": 0.6153333333333333,
          "wins": 430,
          "losses": 84,
          "ties": 986,
          "n": 1500,
          "cluster_ci_lo": 0.5943333333333333,
          "cluster_ci_hi": 0.6363333333333333,
          "signflip_p": 0.0001999600079984003,
          "cohen_h_vs_0_5": 0.2327627703201307
        },
        "appropriateness": {
          "win_rate": 0.6326666666666667,
          "wins": 500,
          "losses": 102,
          "ties": 898,
          "n": 1500,
          "cluster_ci_lo": 0.6103333333333334,
          "cluster_ci_hi": 0.6546666666666667,
          "signflip_p": 0.0001999600079984003,
          "cohen_h_vs_0_5": 0.26854963113455277
        },
        "safety": {
          "win_rate": 0.5663333333333334,
          "wins": 202,
          "losses": 3,
          "ties": 1295,
          "n": 1500,
          "cluster_ci_lo": 0.5533333333333332,
          "cluster_ci_hi": 0.58,
          "signflip_p": 0.0001999600079984003,
          "cohen_h_vs_0_5": 0.13305894700015464
        },
        "actionability": {
          "win_rate": 0.6436666666666667,
          "wins": 526,
          "losses": 95,
          "ties": 879,
          "n": 1500,
          "cluster_ci_lo": 0.6203333333333333,
          "cluster_ci_hi": 0.6663333333333333,
          "signflip_p": 0.0001999600079984003,
          "cohen_h_vs_0_5": 0.2914416015351866
        },
        "avoids_over_advice": {
          "win_rate": 0.5346666666666666,
          "wins": 301,
          "losses": 197,
          "ties": 1002,
          "n": 1500,
          "cluster_ci_lo": 0.5153333333333333,
          "cluster_ci_hi": 0.5546666666666666,
          "signflip_p": 0.0001999600079984003,
          "cohen_h_vs_0_5": 0.06938900268104975
        },
        "emotional_validation": {
          "win_rate": 0.48633333333333334,
          "wins": 158,
          "losses": 199,
          "ties": 1143,
          "n": 1500,
          "cluster_ci_lo": 0.4676666666666667,
          "cluster_ci_hi": 0.505,
          "signflip_p": 0.9326134773045391,
          "cohen_h_vs_0_5": -0.027336737984274162
        }
      },
      "by_rater": {
        "E1_supervisor_proxy": {
          "overall_win_rate": 0.622,
          "n": 500
        },
        "E2_client_experience_proxy": {
          "overall_win_rate": 0.64,
          "n": 500
        },
        "E3_safety_reviewer_proxy": {
          "overall_win_rate": 0.66,
          "n": 500
        }
      }
    },
    "pasct_dro_anchor_vs_transesc": {
      "n": 1500,
      "dims": {
        "overall": {
          "win_rate": 0.63,
          "wins": 500,
          "losses": 110,
          "ties": 890,
          "n": 1500,
          "cluster_ci_lo": 0.6083333333333333,
          "cluster_ci_hi": 0.6526666666666666,
          "signflip_p": 0.0001999600079984003,
          "cohen_h_vs_0_5": 0.2630222029084688
        },
        "helpfulness": {
          "win_rate": 0.631,
          "wins": 488,
          "losses": 95,
          "ties": 917,
          "n": 1500,
          "cluster_ci_lo": 0.6093333333333334,
          "cluster_ci_hi": 0.653,
          "signflip_p": 0.0001999600079984003,
          "cohen_h_vs_0_5": 0.2650940148307095
        },
        "empathy": {
          "win_rate": 0.527,
          "wins": 146,
          "losses": 65,